Datetime,Open,High,Low,Close,Volume,Dividends,Stock Splits
2024-06-26 09:30:00-04:00,211.44000244140625,211.7899932861328,211.1199951171875,211.4499969482422,2491687,0.0,0.0
2024-06-26 09:31:00-04:00,211.42999267578125,211.60000610351562,210.88999938964844,211.36500549316406,340909,0.0,0.0
2024-06-26 09:32:00-04:00,211.35499572753906,212.05999755859375,211.10000610351562,211.7895965576172,528196,0.0,0.0
2024-06-26 09:33:00-04:00,211.75999450683594,212.27000427246094,211.67999267578125,212.13999938964844,455897,0.0,0.0
2024-06-26 09:34:00-04:00,212.13999938964844,212.2899932861328,211.97999572753906,212.10000610351562,367935,0.0,0.0
2024-06-26 09:35:00-04:00,212.08999633789062,212.17999267578125,211.89199829101562,211.95989990234375,291413,0.0,0.0
2024-06-26 09:36:00-04:00,211.94020080566406,212.39999389648438,211.80999755859375,212.22799682617188,450714,0.0,0.0
2024-06-26 09:37:00-04:00,212.22999572753906,212.24000549316406,211.57000732421875,211.8000030517578,269678,0.0,0.0
2024-06-26 09:38:00-04:00,211.78500366210938,211.9199981689453,211.64999389648438,211.8300018310547,179396,0.0,0.0
2024-06-26 09:39:00-04:00,211.8347930908203,211.86000061035156,211.22999572753906,211.327392578125,273780,0.0,0.0
2024-06-26 09:40:00-04:00,211.30999755859375,211.32000732421875,210.9199981689453,211.08999633789062,246987,0.0,0.0
2024-06-26 09:41:00-04:00,211.11990356445312,211.16000366210938,210.9499969482422,210.9799041748047,178851,0.0,0.0
2024-06-26 09:42:00-04:00,210.97279357910156,210.99000549316406,210.6999969482422,210.75010681152344,265089,0.0,0.0
2024-06-26 09:43:00-04:00,210.76199340820312,210.97999572753906,210.63999938964844,210.90499877929688,173587,0.0,0.0
2024-06-26 09:44:00-04:00,210.88999938964844,210.99000549316406,210.75,210.9698944091797,187982,0.0,0.0
2024-06-26 09:45:00-04:00,210.95140075683594,211.1300048828125,210.89999389648438,211.10980224609375,178837,0.0,0.0
2024-06-26 09:46:00-04:00,211.08999633789062,211.30999755859375,211.0500030517578,211.13999938964844,247044,0.0,0.0
2024-06-26 09:47:00-04:00,211.14999389648438,211.47999572753906,211.14999389648438,211.47000122070312,217781,0.0,0.0
2024-06-26 09:48:00-04:00,211.4600067138672,211.72000122070312,211.3800048828125,211.67999267578125,237346,0.0,0.0
2024-06-26 09:49:00-04:00,211.67999267578125,211.85499572753906,211.6199951171875,211.8000030517578,271238,0.0,0.0
2024-06-26 09:50:00-04:00,211.7989959716797,211.88999938964844,211.77999877929688,211.82589721679688,220987,0.0,0.0
2024-06-26 09:51:00-04:00,211.8249969482422,211.8780059814453,211.64010620117188,211.80499267578125,212581,0.0,0.0
2024-06-26 09:52:00-04:00,211.8419952392578,211.92999267578125,211.6999969482422,211.92999267578125,195995,0.0,0.0
2024-06-26 09:53:00-04:00,211.9199981689453,211.92999267578125,211.36000061035156,211.3979949951172,214873,0.0,0.0
2024-06-26 09:54:00-04:00,211.39999389648438,211.41000366210938,211.08999633789062,211.17999267578125,166544,0.0,0.0
2024-06-26 09:55:00-04:00,211.1699981689453,211.22000122070312,211.02000427246094,211.22000122070312,116667,0.0,0.0
2024-06-26 09:56:00-04:00,211.22000122070312,211.67999267578125,211.2100067138672,211.67999267578125,167523,0.0,0.0
2024-06-26 09:57:00-04:00,211.66000366210938,211.69000244140625,211.60000610351562,211.6300048828125,132201,0.0,0.0
2024-06-26 09:58:00-04:00,211.63499450683594,211.82000732421875,211.58999633789062,211.6300048828125,131714,0.0,0.0
2024-06-26 09:59:00-04:00,211.6300048828125,211.63499450683594,211.26800537109375,211.52999877929688,176964,0.0,0.0
2024-06-26 10:00:00-04:00,211.49000549316406,211.58999633789062,211.3699951171875,211.47999572753906,163238,0.0,0.0
2024-06-26 10:01:00-04:00,211.47799682617188,211.7100067138672,211.42999267578125,211.7100067138672,90325,0.0,0.0
2024-06-26 10:02:00-04:00,211.72999572753906,211.8699951171875,211.47000122070312,211.51199340820312,169224,0.0,0.0
2024-06-26 10:03:00-04:00,211.5,211.82000732421875,211.49000549316406,211.8000030517578,88211,0.0,0.0
2024-06-26 10:04:00-04:00,211.82009887695312,211.86000061035156,211.7100067138672,211.82000732421875,145022,0.0,0.0
2024-06-26 10:05:00-04:00,211.81419372558594,211.8800048828125,211.75999450683594,211.8699951171875,174643,0.0,0.0
2024-06-26 10:06:00-04:00,211.875,212.0,211.86000061035156,211.99949645996094,203736,0.0,0.0
2024-06-26 10:07:00-04:00,212.0,212.0500030517578,211.8300018310547,211.90499877929688,247317,0.0,0.0
2024-06-26 10:08:00-04:00,211.9095001220703,212.0738067626953,211.89999389648438,212.0500030517578,136625,0.0,0.0
2024-06-26 10:09:00-04:00,212.0500030517578,212.14999389648438,211.9499969482422,211.99420166015625,125837,0.0,0.0
2024-06-26 10:10:00-04:00,212.0,212.0500030517578,211.8699951171875,211.89999389648438,132061,0.0,0.0
2024-06-26 10:11:00-04:00,211.89999389648438,211.91000366210938,211.77000427246094,211.7949981689453,115949,0.0,0.0
2024-06-26 10:12:00-04:00,211.7949981689453,211.97999572753906,211.77499389648438,211.9499969482422,103183,0.0,0.0
2024-06-26 10:13:00-04:00,211.9550018310547,212.05979919433594,211.91000366210938,211.99000549316406,113192,0.0,0.0
2024-06-26 10:14:00-04:00,211.99000549316406,212.1699981689453,211.9199981689453,212.1300048828125,174408,0.0,0.0
2024-06-26 10:15:00-04:00,212.1300048828125,212.2100067138672,212.00010681152344,212.0500030517578,172497,0.0,0.0
2024-06-26 10:16:00-04:00,212.05999755859375,212.14999389648438,212.0301055908203,212.06500244140625,99786,0.0,0.0
2024-06-26 10:17:00-04:00,212.07000732421875,212.13999938964844,212.02999877929688,212.07000732421875,132506,0.0,0.0
2024-06-26 10:18:00-04:00,212.05999755859375,212.2698974609375,212.0500030517578,212.2584991455078,147297,0.0,0.0
2024-06-26 10:19:00-04:00,212.25840759277344,212.5,212.22000122070312,212.32809448242188,330780,0.0,0.0
2024-06-26 10:20:00-04:00,212.3249969482422,212.3249969482422,211.97999572753906,212.27430725097656,233607,0.0,0.0
2024-06-26 10:21:00-04:00,212.26939392089844,212.42999267578125,212.26010131835938,212.2899932861328,167376,0.0,0.0
2024-06-26 10:22:00-04:00,212.2899932861328,212.61990356445312,212.27999877929688,212.61000061035156,229826,0.0,0.0
2024-06-26 10:23:00-04:00,212.602294921875,212.78500366210938,212.5749969482422,212.75,375303,0.0,0.0
2024-06-26 10:24:00-04:00,212.75,213.0,212.75,212.97999572753906,304523,0.0,0.0
2024-06-26 10:25:00-04:00,212.97000122070312,213.0,212.80999755859375,212.9763946533203,279139,0.0,0.0
2024-06-26 10:26:00-04:00,212.97850036621094,213.0,212.66000366210938,212.73989868164062,232664,0.0,0.0
2024-06-26 10:27:00-04:00,212.72999572753906,212.74000549316406,212.4199981689453,212.49000549316406,262548,0.0,0.0
2024-06-26 10:28:00-04:00,212.49000549316406,212.50270080566406,212.1300048828125,212.16000366210938,397849,0.0,0.0
2024-06-26 10:29:00-04:00,212.16000366210938,212.38999938964844,212.0800018310547,212.36000061035156,194723,0.0,0.0
2024-06-26 10:30:00-04:00,212.3699951171875,212.7899932861328,212.343994140625,212.7790985107422,224428,0.0,0.0
2024-06-26 10:31:00-04:00,212.7707061767578,213.0,212.74969482421875,212.9738006591797,213703,0.0,0.0
2024-06-26 10:32:00-04:00,212.9781036376953,213.0399932861328,212.8699951171875,212.8699951171875,221793,0.0,0.0
2024-06-26 10:33:00-04:00,212.9001007080078,213.2100067138672,212.9001007080078,213.11500549316406,196001,0.0,0.0
2024-06-26 10:34:00-04:00,213.1186065673828,213.25,213.07000732421875,213.24000549316406,194924,0.0,0.0
2024-06-26 10:35:00-04:00,213.2382049560547,213.3800048828125,213.1750030517578,213.3697052001953,201043,0.0,0.0
2024-06-26 10:36:00-04:00,213.3697967529297,213.4040069580078,213.24009704589844,213.36000061035156,198752,0.0,0.0
2024-06-26 10:37:00-04:00,213.3621063232422,213.42999267578125,213.02999877929688,213.06300354003906,297336,0.0,0.0
2024-06-26 10:38:00-04:00,213.0800018310547,213.25999450683594,213.0500030517578,213.1999969482422,199787,0.0,0.0
2024-06-26 10:39:00-04:00,213.20010375976562,213.24000549316406,213.0919952392578,213.1840057373047,122513,0.0,0.0
2024-06-26 10:40:00-04:00,213.19000244140625,213.1999969482422,212.9600067138672,212.99000549316406,143508,0.0,0.0
2024-06-26 10:41:00-04:00,212.99000549316406,212.99000549316406,212.66000366210938,212.68499755859375,190602,0.0,0.0
2024-06-26 10:42:00-04:00,212.68499755859375,212.82989501953125,212.63999938964844,212.7097930908203,247157,0.0,0.0
2024-06-26 10:43:00-04:00,212.7073974609375,212.7073974609375,212.58999633789062,212.6199951171875,103515,0.0,0.0
2024-06-26 10:44:00-04:00,212.62449645996094,212.82369995117188,212.5500030517578,212.73500061035156,132361,0.0,0.0
2024-06-26 10:45:00-04:00,212.72999572753906,212.92999267578125,212.61000061035156,212.9250030517578,128013,0.0,0.0
2024-06-26 10:46:00-04:00,212.93499755859375,213.2100067138672,212.9199981689453,213.17550659179688,207421,0.0,0.0
2024-06-26 10:47:00-04:00,213.19000244140625,213.34739685058594,213.16000366210938,213.27999877929688,156484,0.0,0.0
2024-06-26 10:48:00-04:00,213.2899932861328,213.2899932861328,212.88999938964844,212.97999572753906,133186,0.0,0.0
2024-06-26 10:49:00-04:00,212.97799682617188,213.2949981689453,212.9342041015625,213.27639770507812,103664,0.0,0.0
2024-06-26 10:50:00-04:00,213.27999877929688,213.30999755859375,213.17999267578125,213.29029846191406,151540,0.0,0.0
2024-06-26 10:51:00-04:00,213.29269409179688,213.33999633789062,213.2100067138672,213.27000427246094,200436,0.0,0.0
2024-06-26 10:52:00-04:00,213.27000427246094,213.27499389648438,212.99000549316406,213.05929565429688,197692,0.0,0.0
2024-06-26 10:53:00-04:00,213.0800018310547,213.27999877929688,213.0399932861328,213.19000244140625,133724,0.0,0.0
2024-06-26 10:54:00-04:00,213.1699981689453,213.22000122070312,213.1300048828125,213.21800231933594,65453,0.0,0.0
2024-06-26 10:55:00-04:00,213.2100067138672,213.28990173339844,213.19000244140625,213.1999969482422,78302,0.0,0.0
2024-06-26 10:56:00-04:00,213.1999969482422,213.20989990234375,213.1300048828125,213.15289306640625,111089,0.0,0.0
2024-06-26 10:57:00-04:00,213.15499877929688,213.22999572753906,213.1300048828125,213.20750427246094,93259,0.0,0.0
2024-06-26 10:58:00-04:00,213.1999969482422,213.3000030517578,213.14999389648438,213.25,124050,0.0,0.0
2024-06-26 10:59:00-04:00,213.24000549316406,213.25999450683594,213.13999938964844,213.19500732421875,101478,0.0,0.0
2024-06-26 11:00:00-04:00,213.19500732421875,213.3300018310547,213.02999877929688,213.0500030517578,131588,0.0,0.0
2024-06-26 11:01:00-04:00,213.05499267578125,213.41990661621094,213.0399932861328,213.36000061035156,136573,0.0,0.0
2024-06-26 11:02:00-04:00,213.35499572753906,213.36000061035156,213.16000366210938,213.23300170898438,102774,0.0,0.0
2024-06-26 11:03:00-04:00,213.22000122070312,213.47999572753906,213.16000366210938,213.47000122070312,153629,0.0,0.0
2024-06-26 11:04:00-04:00,213.4700927734375,213.63949584960938,213.4105987548828,213.59219360351562,269826,0.0,0.0
2024-06-26 11:05:00-04:00,213.58999633789062,213.63999938964844,213.4600067138672,213.4949951171875,163457,0.0,0.0
2024-06-26 11:06:00-04:00,213.5050048828125,213.5050048828125,213.27000427246094,213.4600067138672,147132,0.0,0.0
2024-06-26 11:07:00-04:00,213.4499969482422,213.63999938964844,213.38999938964844,213.63999938964844,144356,0.0,0.0
2024-06-26 11:08:00-04:00,213.63999938964844,213.7050018310547,213.53500366210938,213.7050018310547,169416,0.0,0.0
2024-06-26 11:09:00-04:00,213.7021942138672,213.74000549316406,213.6199951171875,213.71780395507812,163275,0.0,0.0
2024-06-26 11:10:00-04:00,213.71580505371094,213.72999572753906,213.47000122070312,213.6699981689453,217638,0.0,0.0
2024-06-26 11:11:00-04:00,213.6699981689453,213.69000244140625,213.13999938964844,213.22000122070312,178136,0.0,0.0
2024-06-26 11:12:00-04:00,213.1999969482422,213.24000549316406,213.0800018310547,213.20599365234375,146144,0.0,0.0
2024-06-26 11:13:00-04:00,213.2100067138672,213.38999938964844,213.20469665527344,213.34689331054688,118321,0.0,0.0
2024-06-26 11:14:00-04:00,213.35499572753906,213.42999267578125,213.26730346679688,213.3300018310547,147444,0.0,0.0
2024-06-26 11:15:00-04:00,213.3350067138672,213.43539428710938,213.25,213.33970642089844,127744,0.0,0.0
2024-06-26 11:16:00-04:00,213.33999633789062,213.42999267578125,213.2949981689453,213.3856964111328,91193,0.0,0.0
2024-06-26 11:17:00-04:00,213.39500427246094,213.39999389648438,213.17999267578125,213.24000549316406,85491,0.0,0.0
2024-06-26 11:18:00-04:00,213.24000549316406,213.36000061035156,213.22999572753906,213.35499572753906,90492,0.0,0.0
2024-06-26 11:19:00-04:00,213.35499572753906,213.3699951171875,213.1999969482422,213.24000549316406,80792,0.0,0.0
2024-06-26 11:20:00-04:00,213.2301025390625,213.39999389648438,213.22000122070312,213.3961944580078,102596,0.0,0.0
2024-06-26 11:21:00-04:00,213.3800048828125,213.44000244140625,213.3300018310547,213.38290405273438,82715,0.0,0.0
2024-06-26 11:22:00-04:00,213.375,213.4199981689453,213.30999755859375,213.38499450683594,71324,0.0,0.0
2024-06-26 11:23:00-04:00,213.3800048828125,213.5500030517578,213.33999633789062,213.5200958251953,146346,0.0,0.0
2024-06-26 11:24:00-04:00,213.52999877929688,213.7198944091797,213.50999450683594,213.63999938964844,117499,0.0,0.0
2024-06-26 11:25:00-04:00,213.63619995117188,213.63999938964844,213.3719940185547,213.44500732421875,114656,0.0,0.0
2024-06-26 11:26:00-04:00,213.44000244140625,213.58999633789062,213.44000244140625,213.5211944580078,78767,0.0,0.0
2024-06-26 11:27:00-04:00,213.52999877929688,213.60000610351562,213.41000366210938,213.5800018310547,106794,0.0,0.0
2024-06-26 11:28:00-04:00,213.5749969482422,213.58999633789062,213.3800048828125,213.39999389648438,100292,0.0,0.0
2024-06-26 11:29:00-04:00,213.38999938964844,213.44000244140625,213.1999969482422,213.2100067138672,98818,0.0,0.0
2024-06-26 11:30:00-04:00,213.2100067138672,213.2169952392578,213.02999877929688,213.0500946044922,162359,0.0,0.0
2024-06-26 11:31:00-04:00,213.05780029296875,213.22000122070312,213.0500030517578,213.16000366210938,96570,0.0,0.0
2024-06-26 11:32:00-04:00,213.16000366210938,213.28990173339844,213.14999389648438,213.1999969482422,80563,0.0,0.0
2024-06-26 11:33:00-04:00,213.2050018310547,213.30999755859375,213.14500427246094,213.3000030517578,87955,0.0,0.0
2024-06-26 11:34:00-04:00,213.30499267578125,213.39999389648438,213.23049926757812,213.36000061035156,67918,0.0,0.0
2024-06-26 11:35:00-04:00,213.36000061035156,213.5601043701172,213.36000061035156,213.50999450683594,148800,0.0,0.0
2024-06-26 11:36:00-04:00,213.50999450683594,213.52000427246094,213.36000061035156,213.4001007080078,58790,0.0,0.0
2024-06-26 11:37:00-04:00,213.40499877929688,213.4949951171875,213.375,213.42559814453125,62845,0.0,0.0
2024-06-26 11:38:00-04:00,213.42030334472656,213.5399932861328,213.4199981689453,213.5399932861328,63766,0.0,0.0
2024-06-26 11:39:00-04:00,213.5399932861328,213.59500122070312,213.45120239257812,213.52999877929688,109335,0.0,0.0
2024-06-26 11:40:00-04:00,213.52999877929688,213.52999877929688,213.4799041748047,213.5211944580078,54608,0.0,0.0
2024-06-26 11:41:00-04:00,213.52490234375,213.5299072265625,213.36000061035156,213.39999389648438,53985,0.0,0.0
2024-06-26 11:42:00-04:00,213.39999389648438,213.4600067138672,213.3437042236328,213.42959594726562,83152,0.0,0.0
2024-06-26 11:43:00-04:00,213.42999267578125,213.52999877929688,213.42999267578125,213.48959350585938,69704,0.0,0.0
2024-06-26 11:44:00-04:00,213.48500061035156,213.65499877929688,213.48500061035156,213.6479949951172,115188,0.0,0.0
2024-06-26 11:45:00-04:00,213.64500427246094,213.64500427246094,213.4676055908203,213.57220458984375,106199,0.0,0.0
2024-06-26 11:46:00-04:00,213.5800018310547,213.7899932861328,213.5800018310547,213.67999267578125,201058,0.0,0.0
2024-06-26 11:47:00-04:00,213.6699981689453,213.6699981689453,213.4600067138672,213.63999938964844,71703,0.0,0.0
2024-06-26 11:48:00-04:00,213.64999389648438,213.8000030517578,213.58999633789062,213.6999969482422,118865,0.0,0.0
2024-06-26 11:49:00-04:00,213.6999969482422,213.85000610351562,213.61500549316406,213.83799743652344,121164,0.0,0.0
2024-06-26 11:50:00-04:00,213.83230590820312,213.99000549316406,213.77999877929688,213.9875030517578,180311,0.0,0.0
2024-06-26 11:51:00-04:00,213.99000549316406,214.00999450683594,213.78500366210938,213.8679962158203,344375,0.0,0.0
2024-06-26 11:52:00-04:00,213.8800048828125,214.1999969482422,213.8800048828125,214.19000244140625,236051,0.0,0.0
2024-06-26 11:53:00-04:00,214.19000244140625,214.2899932861328,214.1800994873047,214.23399353027344,201877,0.0,0.0
2024-06-26 11:54:00-04:00,214.23399353027344,214.3699951171875,214.19000244140625,214.3699951171875,184309,0.0,0.0
2024-06-26 11:55:00-04:00,214.3679962158203,214.3800048828125,214.27000427246094,214.3699951171875,159960,0.0,0.0
2024-06-26 11:56:00-04:00,214.36500549316406,214.36500549316406,214.25999450683594,214.3300018310547,152726,0.0,0.0
2024-06-26 11:57:00-04:00,214.32000732421875,214.44000244140625,214.27999877929688,214.2899932861328,166218,0.0,0.0
2024-06-26 11:58:00-04:00,214.29989624023438,214.30499267578125,214.0500030517578,214.19309997558594,172944,0.0,0.0
2024-06-26 11:59:00-04:00,214.19000244140625,214.2799072265625,214.14999389648438,214.27000427246094,88104,0.0,0.0
2024-06-26 12:00:00-04:00,214.25999450683594,214.3300018310547,214.2301025390625,214.24000549316406,93272,0.0,0.0
2024-06-26 12:01:00-04:00,214.23800659179688,214.25,214.1649932861328,214.2082061767578,75671,0.0,0.0
2024-06-26 12:02:00-04:00,214.1999969482422,214.27000427246094,214.14500427246094,214.22999572753906,64460,0.0,0.0
2024-06-26 12:03:00-04:00,214.25799560546875,214.25909423828125,214.14700317382812,214.1999969482422,64859,0.0,0.0
2024-06-26 12:04:00-04:00,214.1999969482422,214.1999969482422,214.0299072265625,214.04449462890625,108340,0.0,0.0
2024-06-26 12:05:00-04:00,214.06539916992188,214.0800018310547,213.97999572753906,214.06979370117188,94044,0.0,0.0
2024-06-26 12:06:00-04:00,214.07000732421875,214.22000122070312,214.05999755859375,214.1699981689453,105408,0.0,0.0
2024-06-26 12:07:00-04:00,214.16990661621094,214.22000122070312,214.08999633789062,214.21499633789062,61992,0.0,0.0
2024-06-26 12:08:00-04:00,214.22000122070312,214.27000427246094,214.1840057373047,214.26980590820312,67285,0.0,0.0
2024-06-26 12:09:00-04:00,214.2696990966797,214.34500122070312,214.1699981689453,214.3300018310547,111550,0.0,0.0
2024-06-26 12:10:00-04:00,214.3385009765625,214.41000366210938,214.30999755859375,214.36000061035156,90801,0.0,0.0
2024-06-26 12:11:00-04:00,214.36990356445312,214.5,214.35000610351562,214.5,97845,0.0,0.0
2024-06-26 12:12:00-04:00,214.49600219726562,214.5399932861328,214.42210388183594,214.4967041015625,212203,0.0,0.0
2024-06-26 12:13:00-04:00,214.4998016357422,214.57000732421875,214.4340057373047,214.51499938964844,161733,0.0,0.0
2024-06-26 12:14:00-04:00,214.52000427246094,214.77999877929688,214.5050048828125,214.75999450683594,290538,0.0,0.0
2024-06-26 12:15:00-04:00,214.7696990966797,214.77000427246094,214.66000366210938,214.67999267578125,219016,0.0,0.0
2024-06-26 12:16:00-04:00,214.67999267578125,214.6999969482422,214.50999450683594,214.52000427246094,125908,0.0,0.0
2024-06-26 12:17:00-04:00,214.52000427246094,214.65499877929688,214.39999389648438,214.6300048828125,135746,0.0,0.0
2024-06-26 12:18:00-04:00,214.6374969482422,214.69540405273438,214.5800018310547,214.63999938964844,113853,0.0,0.0
2024-06-26 12:19:00-04:00,214.64999389648438,214.64999389648438,214.4600067138672,214.47500610351562,81074,0.0,0.0
2024-06-26 12:20:00-04:00,214.47900390625,214.4799041748047,214.33999633789062,214.3800048828125,103324,0.0,0.0
2024-06-26 12:21:00-04:00,214.3697967529297,214.4600067138672,214.36000061035156,214.36000061035156,56806,0.0,0.0
2024-06-26 12:22:00-04:00,214.36000061035156,214.36000061035156,214.19000244140625,214.22000122070312,78734,0.0,0.0
2024-06-26 12:23:00-04:00,214.22500610351562,214.25999450683594,214.1699981689453,214.25999450683594,51545,0.0,0.0
2024-06-26 12:24:00-04:00,214.27000427246094,214.27000427246094,214.11500549316406,214.125,72837,0.0,0.0
2024-06-26 12:25:00-04:00,214.12010192871094,214.24989318847656,214.11050415039062,214.19000244140625,78289,0.0,0.0
2024-06-26 12:26:00-04:00,214.19000244140625,214.2830047607422,214.1750030517578,214.27999877929688,58413,0.0,0.0
2024-06-26 12:27:00-04:00,214.27049255371094,214.42990112304688,214.22999572753906,214.38999938964844,102369,0.0,0.0
2024-06-26 12:28:00-04:00,214.39500427246094,214.4600067138672,214.39439392089844,214.4174041748047,80111,0.0,0.0
2024-06-26 12:29:00-04:00,214.4149932861328,214.41819763183594,214.33999633789062,214.34500122070312,96364,0.0,0.0
2024-06-26 12:30:00-04:00,214.34500122070312,214.36000061035156,214.19000244140625,214.19180297851562,87874,0.0,0.0
2024-06-26 12:31:00-04:00,214.1967010498047,214.32000732421875,214.17999267578125,214.22500610351562,90213,0.0,0.0
2024-06-26 12:32:00-04:00,214.22869873046875,214.24789428710938,214.1649932861328,214.1999969482422,69201,0.0,0.0
2024-06-26 12:33:00-04:00,214.21119689941406,214.2174072265625,214.11500549316406,214.14500427246094,48020,0.0,0.0
2024-06-26 12:34:00-04:00,214.14999389648438,214.22000122070312,214.0500030517578,214.21339416503906,108809,0.0,0.0
2024-06-26 12:35:00-04:00,214.21400451660156,214.3000030517578,214.16009521484375,214.3000030517578,101838,0.0,0.0
2024-06-26 12:36:00-04:00,214.29519653320312,214.3699951171875,214.2100067138672,214.2220001220703,77484,0.0,0.0
2024-06-26 12:37:00-04:00,214.22500610351562,214.22500610351562,214.09500122070312,214.18499755859375,63763,0.0,0.0
2024-06-26 12:38:00-04:00,214.18499755859375,214.19000244140625,214.10000610351562,214.13499450683594,56780,0.0,0.0
2024-06-26 12:39:00-04:00,214.13999938964844,214.2454071044922,214.1300048828125,214.2449951171875,84732,0.0,0.0
2024-06-26 12:40:00-04:00,214.24000549316406,214.27999877929688,214.10000610351562,214.23500061035156,80609,0.0,0.0
2024-06-26 12:41:00-04:00,214.22999572753906,214.2574005126953,214.14999389648438,214.2550048828125,45721,0.0,0.0
2024-06-26 12:42:00-04:00,214.25379943847656,214.2559051513672,214.14999389648438,214.14999389648438,46043,0.0,0.0
2024-06-26 12:43:00-04:00,214.15499877929688,214.19000244140625,214.05999755859375,214.1300048828125,89323,0.0,0.0
2024-06-26 12:44:00-04:00,214.1300048828125,214.16000366210938,213.94000244140625,213.98899841308594,115558,0.0,0.0
2024-06-26 12:45:00-04:00,213.9875946044922,214.0240020751953,213.8699951171875,213.88499450683594,102406,0.0,0.0
2024-06-26 12:46:00-04:00,213.8800048828125,213.8800048828125,213.57000732421875,213.625,128851,0.0,0.0
2024-06-26 12:47:00-04:00,213.62100219726562,213.65989685058594,213.36000061035156,213.3699951171875,139791,0.0,0.0
2024-06-26 12:48:00-04:00,213.3699951171875,213.38999938964844,213.26499938964844,213.30999755859375,93476,0.0,0.0
2024-06-26 12:49:00-04:00,213.30999755859375,213.389892578125,213.30499267578125,213.37010192871094,112640,0.0,0.0
2024-06-26 12:50:00-04:00,213.37010192871094,213.55870056152344,213.36749267578125,213.46279907226562,135552,0.0,0.0
2024-06-26 12:51:00-04:00,213.46499633789062,213.5800018310547,213.41290283203125,213.55499267578125,72618,0.0,0.0
2024-06-26 12:52:00-04:00,213.5500030517578,213.55499267578125,213.4199981689453,213.47000122070312,102712,0.0,0.0
2024-06-26 12:53:00-04:00,213.47999572753906,213.51499938964844,213.33999633789062,213.41000366210938,68427,0.0,0.0
2024-06-26 12:54:00-04:00,213.41000366210938,213.49000549316406,213.36000061035156,213.48500061035156,78574,0.0,0.0
2024-06-26 12:55:00-04:00,213.49000549316406,213.6300048828125,213.44000244140625,213.59500122070312,128426,0.0,0.0
2024-06-26 12:56:00-04:00,213.60000610351562,213.6999053955078,213.5749969482422,213.6981964111328,94816,0.0,0.0
2024-06-26 12:57:00-04:00,213.69400024414062,213.77999877929688,213.63499450683594,213.64010620117188,94803,0.0,0.0
2024-06-26 12:58:00-04:00,213.64599609375,213.77499389648438,213.6457061767578,213.72999572753906,52686,0.0,0.0
2024-06-26 12:59:00-04:00,213.73500061035156,213.88999938964844,213.73500061035156,213.8300018310547,88820,0.0,0.0
2024-06-26 13:00:00-04:00,213.8300018310547,213.8300018310547,213.72999572753906,213.72999572753906,53483,0.0,0.0
2024-06-26 13:01:00-04:00,213.72999572753906,213.8000030517578,213.67050170898438,213.73980712890625,77679,0.0,0.0
2024-06-26 13:02:00-04:00,213.74000549316406,213.77000427246094,213.58999633789062,213.60499572753906,51460,0.0,0.0
2024-06-26 13:03:00-04:00,213.61000061035156,213.6999969482422,213.61000061035156,213.6300048828125,49807,0.0,0.0
2024-06-26 13:04:00-04:00,213.6313018798828,213.7449951171875,213.6313018798828,213.71240234375,60297,0.0,0.0
2024-06-26 13:05:00-04:00,213.7100067138672,213.7449951171875,213.66000366210938,213.68600463867188,49522,0.0,0.0
2024-06-26 13:06:00-04:00,213.6999969482422,213.75999450683594,213.6501007080078,213.65159606933594,70398,0.0,0.0
2024-06-26 13:07:00-04:00,213.65499877929688,213.74000549316406,213.63999938964844,213.69000244140625,56667,0.0,0.0
2024-06-26 13:08:00-04:00,213.67999267578125,213.693603515625,213.6300048828125,213.693603515625,41043,0.0,0.0
2024-06-26 13:09:00-04:00,213.6999969482422,213.8697967529297,213.693603515625,213.8300018310547,70528,0.0,0.0
2024-06-26 13:10:00-04:00,213.8249969482422,213.83999633789062,213.76499938964844,213.78500366210938,49035,0.0,0.0
2024-06-26 13:11:00-04:00,213.77999877929688,213.77999877929688,213.7050018310547,213.72999572753906,59059,0.0,0.0
2024-06-26 13:12:00-04:00,213.72999572753906,213.7449951171875,213.58999633789062,213.63999938964844,44092,0.0,0.0
2024-06-26 13:13:00-04:00,213.64999389648438,213.7100067138672,213.6300048828125,213.6898956298828,42374,0.0,0.0
2024-06-26 13:14:00-04:00,213.69000244140625,213.7198944091797,213.6199951171875,213.6199951171875,37804,0.0,0.0
2024-06-26 13:15:00-04:00,213.61500549316406,213.6649932861328,213.5800018310547,213.60499572753906,63723,0.0,0.0
2024-06-26 13:16:00-04:00,213.60440063476562,213.7100067138672,213.57000732421875,213.6938018798828,44155,0.0,0.0
2024-06-26 13:17:00-04:00,213.6999969482422,213.6999969482422,213.59010314941406,213.61399841308594,40902,0.0,0.0
2024-06-26 13:18:00-04:00,213.61000061035156,213.6300048828125,213.5800018310547,213.58999633789062,39283,0.0,0.0
2024-06-26 13:19:00-04:00,213.5850067138672,213.5850067138672,213.32000732421875,213.3300018310547,89444,0.0,0.0
2024-06-26 13:20:00-04:00,213.3249969482422,213.39500427246094,213.22999572753906,213.2324981689453,96274,0.0,0.0
2024-06-26 13:21:00-04:00,213.24000549316406,213.42630004882812,213.23019409179688,213.42630004882812,55995,0.0,0.0
2024-06-26 13:22:00-04:00,213.4199981689453,213.4600067138672,213.3800048828125,213.41000366210938,71101,0.0,0.0
2024-06-26 13:23:00-04:00,213.39999389648438,213.4199981689453,213.28500366210938,213.39999389648438,35658,0.0,0.0
2024-06-26 13:24:00-04:00,213.40589904785156,213.40589904785156,213.26010131835938,213.27999877929688,33426,0.0,0.0
2024-06-26 13:25:00-04:00,213.27499389648438,213.4149932861328,213.27099609375,213.36000061035156,40035,0.0,0.0
2024-06-26 13:26:00-04:00,213.36500549316406,213.3699951171875,213.27999877929688,213.3000030517578,50493,0.0,0.0
2024-06-26 13:27:00-04:00,213.29010009765625,213.36500549316406,213.29010009765625,213.32479858398438,32840,0.0,0.0
2024-06-26 13:28:00-04:00,213.3249969482422,213.45970153808594,213.3249969482422,213.43499755859375,36217,0.0,0.0
2024-06-26 13:29:00-04:00,213.43499755859375,213.55999755859375,213.42999267578125,213.55999755859375,69108,0.0,0.0
2024-06-26 13:30:00-04:00,213.55169677734375,213.65499877929688,213.49000549316406,213.61500549316406,65240,0.0,0.0
2024-06-26 13:31:00-04:00,213.61500549316406,213.69000244140625,213.6024932861328,213.67999267578125,72687,0.0,0.0
2024-06-26 13:32:00-04:00,213.67999267578125,213.67999267578125,213.5850067138672,213.5850067138672,61684,0.0,0.0
2024-06-26 13:33:00-04:00,213.5800018310547,213.66000366210938,213.5428924560547,213.6300048828125,46877,0.0,0.0
2024-06-26 13:34:00-04:00,213.63499450683594,213.6999969482422,213.61000061035156,213.6999969482422,37236,0.0,0.0
2024-06-26 13:35:00-04:00,213.6999969482422,213.7100067138672,213.66000366210938,213.67999267578125,52204,0.0,0.0
2024-06-26 13:36:00-04:00,213.67999267578125,213.6999969482422,213.64999389648438,213.64999389648438,48682,0.0,0.0
2024-06-26 13:37:00-04:00,213.64500427246094,213.64500427246094,213.5449981689453,213.5850067138672,138843,0.0,0.0
2024-06-26 13:38:00-04:00,213.58999633789062,213.72999572753906,213.5850067138672,213.72500610351562,100418,0.0,0.0
2024-06-26 13:39:00-04:00,213.72999572753906,213.8699951171875,213.72500610351562,213.85989379882812,94642,0.0,0.0
2024-06-26 13:40:00-04:00,213.85499572753906,213.92999267578125,213.8000030517578,213.8863067626953,136429,0.0,0.0
2024-06-26 13:41:00-04:00,213.8874053955078,213.95599365234375,213.8800048828125,213.90499877929688,102375,0.0,0.0
2024-06-26 13:42:00-04:00,213.90499877929688,213.91000366210938,213.75999450683594,213.77000427246094,82177,0.0,0.0
2024-06-26 13:43:00-04:00,213.77499389648438,213.8300018310547,213.7550048828125,213.8040008544922,62215,0.0,0.0
2024-06-26 13:44:00-04:00,213.80499267578125,213.85000610351562,213.75,213.843994140625,53804,0.0,0.0
2024-06-26 13:45:00-04:00,213.85000610351562,213.875,213.7760009765625,213.81500244140625,69170,0.0,0.0
2024-06-26 13:46:00-04:00,213.80999755859375,213.84500122070312,213.80999755859375,213.8350067138672,34414,0.0,0.0
2024-06-26 13:47:00-04:00,213.8350067138672,213.8699951171875,213.80999755859375,213.80999755859375,56602,0.0,0.0
2024-06-26 13:48:00-04:00,213.80499267578125,213.80670166015625,213.6999969482422,213.77999877929688,75235,0.0,0.0
2024-06-26 13:49:00-04:00,213.77000427246094,213.84500122070312,213.73500061035156,213.73500061035156,50665,0.0,0.0
2024-06-26 13:50:00-04:00,213.74000549316406,213.83999633789062,213.6699981689453,213.69149780273438,72525,0.0,0.0
2024-06-26 13:51:00-04:00,213.6999969482422,213.6999969482422,213.57000732421875,213.64500427246094,60462,0.0,0.0
2024-06-26 13:52:00-04:00,213.64999389648438,213.74000549316406,213.63999938964844,213.74000549316406,72205,0.0,0.0
2024-06-26 13:53:00-04:00,213.72999572753906,213.91000366210938,213.72999572753906,213.91000366210938,85273,0.0,0.0
2024-06-26 13:54:00-04:00,213.9199981689453,214.0399932861328,213.9199981689453,213.96499633789062,115359,0.0,0.0
2024-06-26 13:55:00-04:00,213.97000122070312,214.00999450683594,213.88999938964844,213.89500427246094,127729,0.0,0.0
2024-06-26 13:56:00-04:00,213.89999389648438,213.9593048095703,213.8699951171875,213.8800048828125,61911,0.0,0.0
2024-06-26 13:57:00-04:00,213.88400268554688,213.97999572753906,213.8800048828125,213.9499969482422,71281,0.0,0.0
2024-06-26 13:58:00-04:00,213.9600067138672,214.05999755859375,213.9600067138672,214.02999877929688,80759,0.0,0.0
2024-06-26 13:59:00-04:00,214.033203125,214.03500366210938,213.99000549316406,214.01220703125,36159,0.0,0.0
2024-06-26 14:00:00-04:00,214.00999450683594,214.00999450683594,213.94500732421875,213.97000122070312,64335,0.0,0.0
2024-06-26 14:01:00-04:00,213.9499969482422,214.0449981689453,213.9499969482422,214.00999450683594,69235,0.0,0.0
2024-06-26 14:02:00-04:00,214.00689697265625,214.07000732421875,213.97999572753906,214.0399932861328,64348,0.0,0.0
2024-06-26 14:03:00-04:00,214.0399932861328,214.1999969482422,214.02999877929688,214.17990112304688,76526,0.0,0.0
2024-06-26 14:04:00-04:00,214.17250061035156,214.3699951171875,214.16000366210938,214.3542938232422,122739,0.0,0.0
2024-06-26 14:05:00-04:00,214.36000061035156,214.42999267578125,214.3000030517578,214.38999938964844,158492,0.0,0.0
2024-06-26 14:06:00-04:00,214.38999938964844,214.51400756835938,214.3800048828125,214.5050048828125,220122,0.0,0.0
2024-06-26 14:07:00-04:00,214.5050048828125,214.52000427246094,214.22000122070312,214.31500244140625,223832,0.0,0.0
2024-06-26 14:08:00-04:00,214.31500244140625,214.50999450683594,214.2790069580078,214.5050048828125,104396,0.0,0.0
2024-06-26 14:09:00-04:00,214.50709533691406,214.6649932861328,214.5050048828125,214.66220092773438,130355,0.0,0.0
2024-06-26 14:10:00-04:00,214.66000366210938,214.68499755859375,214.58999633789062,214.6376953125,109316,0.0,0.0
2024-06-26 14:11:00-04:00,214.6302032470703,214.63600158691406,214.4600067138672,214.54339599609375,155364,0.0,0.0
2024-06-26 14:12:00-04:00,214.5399932861328,214.66000366210938,214.5399932861328,214.60499572753906,76131,0.0,0.0
2024-06-26 14:13:00-04:00,214.60499572753906,214.6999969482422,214.60000610351562,214.69850158691406,73021,0.0,0.0
2024-06-26 14:14:00-04:00,214.69129943847656,214.6999053955078,214.5,214.52499389648438,92899,0.0,0.0
2024-06-26 14:15:00-04:00,214.52499389648438,214.66000366210938,214.50360107421875,214.60400390625,167055,0.0,0.0
2024-06-26 14:16:00-04:00,214.60000610351562,214.64500427246094,214.5500030517578,214.64010620117188,72253,0.0,0.0
2024-06-26 14:17:00-04:00,214.64999389648438,214.7949981689453,214.58999633789062,214.78700256347656,185673,0.0,0.0
2024-06-26 14:18:00-04:00,214.7801971435547,214.8300018310547,214.72999572753906,214.8179931640625,156440,0.0,0.0
2024-06-26 14:19:00-04:00,214.8179931640625,214.8179931640625,214.7100067138672,214.75999450683594,139987,0.0,0.0
2024-06-26 14:20:00-04:00,214.75999450683594,214.86000061035156,214.6802978515625,214.7635955810547,154581,0.0,0.0
2024-06-26 14:21:00-04:00,214.77000427246094,214.77000427246094,214.52000427246094,214.52999877929688,113705,0.0,0.0
2024-06-26 14:22:00-04:00,214.535400390625,214.61000061035156,214.27000427246094,214.2949981689453,260799,0.0,0.0
2024-06-26 14:23:00-04:00,214.2899932861328,214.32000732421875,214.2100067138672,214.2700958251953,76748,0.0,0.0
2024-06-26 14:24:00-04:00,214.27000427246094,214.36000061035156,214.25999450683594,214.33999633789062,83923,0.0,0.0
2024-06-26 14:25:00-04:00,214.3300018310547,214.3699951171875,214.3000030517578,214.31500244140625,58460,0.0,0.0
2024-06-26 14:26:00-04:00,214.31539916992188,214.3249969482422,214.25,214.27499389648438,121732,0.0,0.0
2024-06-26 14:27:00-04:00,214.27000427246094,214.3300018310547,214.2100067138672,214.27499389648438,217755,0.0,0.0
2024-06-26 14:28:00-04:00,214.27749633789062,214.27999877929688,214.1999969482422,214.26499938964844,74069,0.0,0.0
2024-06-26 14:29:00-04:00,214.27000427246094,214.35000610351562,214.25,214.35000610351562,77205,0.0,0.0
2024-06-26 14:30:00-04:00,214.34500122070312,214.3800048828125,214.3000030517578,214.36500549316406,81596,0.0,0.0
2024-06-26 14:31:00-04:00,214.3699951171875,214.375,214.2100067138672,214.24000549316406,89874,0.0,0.0
2024-06-26 14:32:00-04:00,214.23800659179688,214.3300018310547,214.2100067138672,214.24000549316406,58040,0.0,0.0
2024-06-26 14:33:00-04:00,214.22000122070312,214.22999572753906,214.16000366210938,214.2082061767578,81197,0.0,0.0
2024-06-26 14:34:00-04:00,214.19500732421875,214.24859619140625,214.11000061035156,214.227294921875,85872,0.0,0.0
2024-06-26 14:35:00-04:00,214.22999572753906,214.3699951171875,214.2100067138672,214.33999633789062,82360,0.0,0.0
2024-06-26 14:36:00-04:00,214.33999633789062,214.35000610351562,214.25999450683594,214.25999450683594,67769,0.0,0.0
2024-06-26 14:37:00-04:00,214.24000549316406,214.331298828125,214.22000122070312,214.331298828125,46213,0.0,0.0
2024-06-26 14:38:00-04:00,214.3302001953125,214.36000061035156,214.1699981689453,214.22000122070312,62161,0.0,0.0
2024-06-26 14:39:00-04:00,214.22999572753906,214.27000427246094,214.1300048828125,214.1699981689453,71912,0.0,0.0
2024-06-26 14:40:00-04:00,214.1699981689453,214.2100067138672,214.14999389648438,214.15809631347656,53890,0.0,0.0
2024-06-26 14:41:00-04:00,214.15499877929688,214.3300018310547,214.1300048828125,214.28500366210938,67763,0.0,0.0
2024-06-26 14:42:00-04:00,214.27999877929688,214.28500366210938,214.17999267578125,214.25999450683594,63436,0.0,0.0
2024-06-26 14:43:00-04:00,214.2550048828125,214.36000061035156,214.2550048828125,214.33909606933594,66287,0.0,0.0
2024-06-26 14:44:00-04:00,214.33999633789062,214.5399932861328,214.33999633789062,214.53500366210938,108121,0.0,0.0
2024-06-26 14:45:00-04:00,214.5363006591797,214.57000732421875,214.4499969482422,214.4949951171875,121367,0.0,0.0
2024-06-26 14:46:00-04:00,214.5,214.52000427246094,214.39999389648438,214.39999389648438,81002,0.0,0.0
2024-06-26 14:47:00-04:00,214.38600158691406,214.38900756835938,214.3699951171875,214.38499450683594,54409,0.0,0.0
2024-06-26 14:48:00-04:00,214.38999938964844,214.44000244140625,214.37469482421875,214.4199981689453,55123,0.0,0.0
2024-06-26 14:49:00-04:00,214.42999267578125,214.5,214.4199981689453,214.46499633789062,68562,0.0,0.0
2024-06-26 14:50:00-04:00,214.4600067138672,214.47000122070312,214.37010192871094,214.375,62922,0.0,0.0
2024-06-26 14:51:00-04:00,214.3800048828125,214.41000366210938,214.27000427246094,214.28500366210938,82034,0.0,0.0
2024-06-26 14:52:00-04:00,214.28500366210938,214.33949279785156,214.24099731445312,214.28500366210938,60197,0.0,0.0
2024-06-26 14:53:00-04:00,214.28990173339844,214.3000030517578,214.1699981689453,214.19000244140625,94795,0.0,0.0
2024-06-26 14:54:00-04:00,214.18499755859375,214.22500610351562,214.093994140625,214.14500427246094,122834,0.0,0.0
2024-06-26 14:55:00-04:00,214.14999389648438,214.16000366210938,214.05999755859375,214.12750244140625,93301,0.0,0.0
2024-06-26 14:56:00-04:00,214.11000061035156,214.13999938964844,214.02000427246094,214.13499450683594,85048,0.0,0.0
2024-06-26 14:57:00-04:00,214.13999938964844,214.25999450683594,214.1300048828125,214.24000549316406,145590,0.0,0.0
2024-06-26 14:58:00-04:00,214.22999572753906,214.28500366210938,214.210693359375,214.26800537109375,92297,0.0,0.0
2024-06-26 14:59:00-04:00,214.27000427246094,214.3300018310547,214.13499450683594,214.14999389648438,78813,0.0,0.0
2024-06-26 15:00:00-04:00,214.14999389648438,214.16000366210938,213.8300018310547,213.85000610351562,185192,0.0,0.0
2024-06-26 15:01:00-04:00,213.83999633789062,213.9600067138672,213.72500610351562,213.9199981689453,127046,0.0,0.0
2024-06-26 15:02:00-04:00,213.89999389648438,213.9600067138672,213.82000732421875,213.9600067138672,113820,0.0,0.0
2024-06-26 15:03:00-04:00,213.9600067138672,214.0,213.86000061035156,213.875,67130,0.0,0.0
2024-06-26 15:04:00-04:00,213.8699951171875,213.906005859375,213.8000030517578,213.85009765625,81456,0.0,0.0
2024-06-26 15:05:00-04:00,213.85150146484375,213.86199951171875,213.6999969482422,213.7657012939453,128182,0.0,0.0
2024-06-26 15:06:00-04:00,213.7602996826172,213.83999633789062,213.6300048828125,213.68710327148438,103934,0.0,0.0
2024-06-26 15:07:00-04:00,213.69000244140625,213.69500732421875,213.44000244140625,213.5,173156,0.0,0.0
2024-06-26 15:08:00-04:00,213.49000549316406,213.58999633789062,213.39999389648438,213.55999755859375,106350,0.0,0.0
2024-06-26 15:09:00-04:00,213.57000732421875,213.57000732421875,213.4499969482422,213.52000427246094,75658,0.0,0.0
2024-06-26 15:10:00-04:00,213.50999450683594,213.50999450683594,213.32000732421875,213.4499969482422,105293,0.0,0.0
2024-06-26 15:11:00-04:00,213.44200134277344,213.62989807128906,213.44000244140625,213.5635986328125,92675,0.0,0.0
2024-06-26 15:12:00-04:00,213.57000732421875,213.60000610351562,213.44009399414062,213.47999572753906,96341,0.0,0.0
2024-06-26 15:13:00-04:00,213.4600067138672,213.52000427246094,213.45230102539062,213.4600067138672,64825,0.0,0.0
2024-06-26 15:14:00-04:00,213.4600067138672,213.47000122070312,213.33999633789062,213.39990234375,98982,0.0,0.0
2024-06-26 15:15:00-04:00,213.39999389648438,213.4611053466797,213.30999755859375,213.33999633789062,130345,0.0,0.0
2024-06-26 15:16:00-04:00,213.3350067138672,213.38499450683594,213.24000549316406,213.26499938964844,129852,0.0,0.0
2024-06-26 15:17:00-04:00,213.26499938964844,213.33999633789062,213.1199951171875,213.21499633789062,130393,0.0,0.0
2024-06-26 15:18:00-04:00,213.2122039794922,213.42999267578125,213.1699981689453,213.37989807128906,128424,0.0,0.0
2024-06-26 15:19:00-04:00,213.3699951171875,213.3699951171875,213.22250366210938,213.2949981689453,73227,0.0,0.0
2024-06-26 15:20:00-04:00,213.28640747070312,213.37989807128906,213.19000244140625,213.36500549316406,77946,0.0,0.0
2024-06-26 15:21:00-04:00,213.36500549316406,213.36500549316406,213.22000122070312,213.2624969482422,90811,0.0,0.0
2024-06-26 15:22:00-04:00,213.27999877929688,213.27999877929688,213.21400451660156,213.27560424804688,61965,0.0,0.0
2024-06-26 15:23:00-04:00,213.27999877929688,213.29969787597656,213.20010375976562,213.22000122070312,91858,0.0,0.0
2024-06-26 15:24:00-04:00,213.22000122070312,213.2899932861328,213.2100067138672,213.28269958496094,75395,0.0,0.0
2024-06-26 15:25:00-04:00,213.2899932861328,213.3524932861328,213.11000061035156,213.11500549316406,88167,0.0,0.0
2024-06-26 15:26:00-04:00,213.11500549316406,213.1199951171875,212.8300018310547,212.94000244140625,269647,0.0,0.0
2024-06-26 15:27:00-04:00,212.94500732421875,212.99600219726562,212.8699951171875,212.89999389648438,115960,0.0,0.0
2024-06-26 15:28:00-04:00,212.91009521484375,213.3699951171875,212.88999938964844,213.30999755859375,135329,0.0,0.0
2024-06-26 15:29:00-04:00,213.3000946044922,213.42999267578125,213.14999389648438,213.26199340820312,144765,0.0,0.0
2024-06-26 15:30:00-04:00,213.28990173339844,213.28990173339844,213.02000427246094,213.11990356445312,127615,0.0,0.0
2024-06-26 15:31:00-04:00,213.11000061035156,213.11199951171875,213.0,213.05499267578125,99566,0.0,0.0
2024-06-26 15:32:00-04:00,213.0500030517578,213.16000366210938,213.02999877929688,213.127197265625,101550,0.0,0.0
2024-06-26 15:33:00-04:00,213.1300048828125,213.1300048828125,212.98980712890625,213.07000732421875,79593,0.0,0.0
2024-06-26 15:34:00-04:00,213.07000732421875,213.15499877929688,213.0399932861328,213.11000061035156,60139,0.0,0.0
2024-06-26 15:35:00-04:00,213.10000610351562,213.27000427246094,213.10000610351562,213.23500061035156,79562,0.0,0.0
2024-06-26 15:36:00-04:00,213.22999572753906,213.3300018310547,213.11000061035156,213.15199279785156,130860,0.0,0.0
2024-06-26 15:37:00-04:00,213.13999938964844,213.20849609375,213.1199951171875,213.16000366210938,91473,0.0,0.0
2024-06-26 15:38:00-04:00,213.16000366210938,213.27000427246094,213.15170288085938,213.18499755859375,71505,0.0,0.0
2024-06-26 15:39:00-04:00,213.17999267578125,213.2100067138672,213.13999938964844,213.2100067138672,92039,0.0,0.0
2024-06-26 15:40:00-04:00,213.22000122070312,213.3000030517578,213.17999267578125,213.18499755859375,109763,0.0,0.0
2024-06-26 15:41:00-04:00,213.19000244140625,213.24000549316406,213.16000366210938,213.23989868164062,123318,0.0,0.0
2024-06-26 15:42:00-04:00,213.22999572753906,213.24000549316406,213.18499755859375,213.1999969482422,80284,0.0,0.0
2024-06-26 15:43:00-04:00,213.1999969482422,213.29150390625,213.1999969482422,213.22250366210938,102093,0.0,0.0
2024-06-26 15:44:00-04:00,213.22000122070312,213.30250549316406,213.22000122070312,213.30250549316406,105738,0.0,0.0
2024-06-26 15:45:00-04:00,213.2949981689453,213.35000610351562,213.2100067138672,213.24000549316406,147314,0.0,0.0
2024-06-26 15:46:00-04:00,213.25,213.35000610351562,213.2386932373047,213.25999450683594,95039,0.0,0.0
2024-06-26 15:47:00-04:00,213.25999450683594,213.27000427246094,213.1199951171875,213.13499450683594,124496,0.0,0.0
2024-06-26 15:48:00-04:00,213.13499450683594,213.2050018310547,213.10000610351562,213.17999267578125,103068,0.0,0.0
2024-06-26 15:49:00-04:00,213.19000244140625,213.26980590820312,213.18499755859375,213.2550048828125,92161,0.0,0.0
2024-06-26 15:50:00-04:00,213.25999450683594,213.5,213.25,213.28250122070312,382786,0.0,0.0
2024-06-26 15:51:00-04:00,213.27999877929688,213.30990600585938,213.13999938964844,213.22999572753906,215196,0.0,0.0
2024-06-26 15:52:00-04:00,213.23500061035156,213.23500061035156,212.72000122070312,212.82000732421875,427128,0.0,0.0
2024-06-26 15:53:00-04:00,212.82000732421875,212.97999572753906,212.77279663085938,212.9499969482422,209938,0.0,0.0
2024-06-26 15:54:00-04:00,212.94500732421875,213.1699981689453,212.89999389648438,213.08999633789062,339234,0.0,0.0
2024-06-26 15:55:00-04:00,213.08999633789062,213.1999969482422,212.94000244140625,213.1300048828125,341670,0.0,0.0
2024-06-26 15:56:00-04:00,213.1425018310547,213.27999877929688,213.10000610351562,213.27000427246094,283852,0.0,0.0
2024-06-26 15:57:00-04:00,213.27499389648438,213.3000030517578,213.15499877929688,213.2899932861328,330185,0.0,0.0
2024-06-26 15:58:00-04:00,213.2899932861328,213.39999389648438,213.27999877929688,213.33999633789062,346021,0.0,0.0
2024-06-26 15:59:00-04:00,213.33999633789062,213.42999267578125,213.11000061035156,213.1199951171875,934252,0.0,0.0
